gene	baseMean	log2FoldChange	lfcSE	stat	pvalue	padj
gene1	2.50265456664941848e3	1.39502284790585462e-1	8.46802993453578123e-2	1.64739952349061936e0	9.94759502702090154e-2	4.52163410319131875e-1
gene2	1.78216183150571396e3	-2.01633506716869437e0	9.57274827139821261e-2	-2.10632830823847073e1	1.72776356298797840e-98	7.67894916883545973e-97
gene3	3.40336533852280638e1	-2.76320286672993187e-1	2.89125183628301197e-1	-9.55711582109118774e-1	3.39217980931613650e-1	8.17392725136418363e-1
gene4	1.24303224174956677e3	-2.03399877035443100e-2	1.09293238976144749e-1	-1.86104720603841589e-1	8.52362661180919634e-1	9.77617272669236814e-1
gene5	3.71147241925077594e2	1.32182198911394461e-1	1.10499364680498202e-1	1.19622587237121913e0	2.31608442850193830e-1	7.01843766212708609e-1
gene6	1.55101803504842991e2	1.51679378744009913e-1	1.96344500182657089e-1	7.72516564522582994e-1	4.39808523286352893e-1	8.44334055459097677e-1
gene7	6.93456705517496516e2	-2.02925710056598005e-3	1.26976832812598639e-1	-1.59813176594261162e-2	9.87249263088028517e-1	9.99340791286728369e-1
gene8	1.51982861251553398e1	-4.55440160457033838e-1	5.34386637815263299e-1	-8.52267119400689110e-1	3.94065849320041239e-1	8.44334055459097677e-1
gene9	3.91592673838371184e2	-1.21588466139474050e-1	1.21060953709903274e-1	-1.00435741181120086e0	3.15206385151417579e-1	8.06886360846098993e-1
gene10	5.84972650165307982e2	9.98313847105220843e-3	1.15453981587848017e-1	8.64685507918678264e-2	9.31093887448185220e-1	9.85284536982206527e-1
gene11	1.09145794747908397e2	-1.30401370404321898e-1	1.55943880235764026e-1	-8.36207039398880858e-1	4.03038434355188713e-1	8.44334055459097677e-1
gene12	6.20185719105889575e2	-1.23305061065101557e-1	9.77805700152124257e-2	-1.26103847672311686e0	2.07294997790510888e-1	6.68693541259712587e-1
gene13	2.77194535449345312e3	-5.54232710384829422e-2	9.61456930963394685e-2	-5.76450897108287230e-1	5.64310402866805783e-1	9.28116350725669781e-1
gene14	2.55559645812707394e1	-6.18442428972208913e-1	3.21978792902774091e-1	-1.92075516339660335e0	5.47625769240452087e-2	2.92067076928241132e-1
gene15	1.10439870552341858e2	1.92715397466194954e-1	1.79224775047374135e-1	1.07527208453884171e0	2.82252948047597263e-1	7.68035232782577570e-1
gene16	2.91830307507296538e3	-5.06206910785436462e-2	9.69731774420532072e-2	-5.22007140673433012e-1	6.01665312581396994e-1	9.28116350725669781e-1
gene17	1.32732339247379296e4	2.60170015023167078e0	7.77108860684666003e-2	3.34792238495319978e1	9.67080332205893582e-246	3.86832132882357430e-243
gene18	9.83768685124422149e0	1.94014208195711135e-1	5.57828274879774821e-1	3.47802750295376828e-1	7.27988330160948882e-1	9.39796242969875850e-1
gene19	1.06923643063094133e2	1.29150602866011988e-1	1.51700321382663428e-1	8.51353521791362144e-1	3.94572999995382034e-1	8.44334055459097677e-1
gene20	1.17739069271972880e2	-2.18233688010034532e0	1.87782299650967155e-1	-1.16216325189151313e1	3.19963096118925194e-31	4.41328408439896815e-30
gene21	2.45289544548013828e3	-3.68109827343193405e-2	7.23458452008207825e-2	-5.08819582273699278e-1	6.10878647238081829e-1	9.28185070597554063e-1
gene22	1.47787173088630244e1	-9.09428770106554651e-1	3.82806421554777343e-1	-2.37568838686897710e0	1.75162470951670014e-2	1.08749860096027592e-1
gene23	4.13886484897225455e3	-9.20942433475670924e-2	1.24888399213831242e-1	-7.37412313131544761e-1	4.60871625965875054e-1	8.61442291525000070e-1
gene24	2.99648593070912830e3	-3.64504817864311423e-2	8.65188241395802582e-2	-4.21301169415176258e-1	6.73535152798918624e-1	9.28185070597554063e-1
gene25	9.95750163393886289e0	-9.70554277635493734e-1	6.37076885159546191e-1	-1.52344921036090208e0	1.27646358799765575e-1	5.31859828332356566e-1
gene26	1.49048222468947245e2	1.26544375223028444e-1	1.36821584582083489e-1	9.24886052223072741e-1	3.55025190934918911e-1	8.36447516745504882e-1
gene27	6.19645006397871327e1	2.83443826689620149e-1	2.29700214151776577e-1	1.23397284471982238e0	2.17213037539264242e-1	6.87038581765857748e-1
gene28	1.32333081664453448e3	-2.33051842181087521e0	1.12628654133254527e-1	-2.06920560291306082e1	4.08421341855225486e-95	1.48516851583718368e-93
gene29	9.12635801397798758e1	-2.52776158020469210e-1	2.07562287552796931e-1	-1.21783278167124354e0	2.23287539073903751e-1	6.87038581765857748e-1
gene30	8.57591178315881734e2	-2.44517039797131641e0	9.71385959273950300e-2	-2.51719759239563956e1	8.12245366859427333e-140	4.64140209633958427e-138
gene31	7.22841685794331170e2	1.16371983184243785e-2	9.14675953375112261e-2	1.27227552834243113e-1	8.98760271702199742e-1	9.78685493568984044e-1
gene32	1.17033018025061847e3	-9.50423030257384477e-2	1.05605347544472608e-1	-8.99976234496213889e-1	3.68132903440814729e-1	8.36665689638215304e-1
gene33	5.97316163267628539e1	-2.41300400668801068e-1	2.52018434623002219e-1	-9.57471230347754498e-1	3.38329472532702791e-1	8.17392725136418363e-1
gene34	5.17479579607321057e2	-5.52836300827346597e-2	1.55398627337109713e-1	-3.55753657738601792e-1	7.22025059961058147e-1	9.39796242969875850e-1
gene35	4.25373172793776444e0	-6.01218209120316354e-3	8.60610583017892172e-1	-6.98594952216404375e-3	9.94426062361551732e-1	9.99340791286728369e-1
gene36	1.33776528564963996e3	7.22513882784345529e-2	8.46089661632628276e-2	8.53944818791629090e-1	3.93135563247527686e-1	8.44334055459097677e-1
gene37	3.69388329539973803e0	-3.46926589375038286e-1	8.19045489618016598e-1	-4.23574262690631087e-1	6.71876304248726908e-1	9.28185070597554063e-1
gene38	1.71449639957164024e1	-5.00594506990468369e-1	3.57296515188165298e-1	-1.40106182319420935e0	1.61195592394411141e-1	5.91543458328114280e-1
gene39	2.30519404640188850e3	2.52228215089637109e-2	9.03141188625258551e-2	2.79278830670510458e-1	7.80030881664996900e-1	9.39796242969875850e-1
gene40	3.11014055203256760e2	1.23542818616330749e-1	1.11049250851798273e-1	1.11250474603566540e0	2.65921208362516370e-1	7.43835547867178648e-1
gene41	6.67348274846738008e1	1.38045394400974547e-1	2.16847533937844866e-1	6.36601172695570483e-1	5.24384619095274451e-1	9.08025314450691678e-1
gene42	8.79138518327799687e1	-1.44008987624447582e-1	1.98550487415559113e-1	-7.25301607157689210e-1	4.68266993713866764e-1	8.70834154460024212e-1
gene43	3.01261706670632279e0	-1.45507768184614944e-1	9.90189795407863782e-1	-1.46949371584545185e-1	8.83171974398746729e-1	9.77617272669236814e-1
gene44	3.69506206050599394e3	5.40088018256441003e-3	7.73807974527267461e-2	6.97961297938794190e-2	9.44355848296527522e-1	9.89084233657417933e-1
gene45	8.24748585544012229e1	-1.29322153726101445e-2	2.00351120798476529e-1	-6.45477565639277495e-2	9.48534000598047267e-1	9.89084233657417933e-1
gene46	2.21885936112530499e3	-1.41389768527379811e0	9.34871907156392540e-2	-1.51239723265881647e1	1.12543862744281771e-51	2.25087725488563519e-50
gene47	2.22238962041958439e3	7.91627946685973805e-2	7.63109007038663550e-2	1.03737203909829523e0	2.99562520807728883e-1	7.83169989039814052e-1
gene48	3.64604801413251550e2	-8.85894969565088758e-2	1.47163517028236740e-1	-6.01980020221390300e-1	5.47187391010265145e-1	9.27436255949601995e-1
gene49	3.68274216673754927e3	-1.03555376730170359e-2	1.02036125495007540e-1	-1.01488934657007493e-1	9.19162287429796443e-1	9.83061269978391827e-1
gene50	3.24694807677445226e2	1.24680467157730679e-1	1.37762766582851998e-1	9.05037480375704528e-1	3.65445537358592309e-1	8.36447516745504882e-1
gene51	4.09853091675218266e1	4.39521166039886155e-2	2.86833824687233729e-1	1.53231985983223601e-1	8.78215332329208231e-1	9.77617272669236814e-1
gene52	5.28067421783828692e1	1.14241050126724156e-1	2.32813733266662076e-1	4.90697213277679900e-1	6.23640575667914532e-1	9.28185070597554063e-1
gene53	6.78887214042459988e1	3.10117747587138684e-2	2.03754209874016906e-1	1.52201884701615414e-1	8.79027704590063297e-1	9.77617272669236814e-1
gene54	1.88575334052718313e3	1.40573213436218114e0	1.13610348613736409e-1	1.23732754235402176e1	3.64642527586490208e-35	5.40211151979985554e-34
gene55	6.38551674103806288e0	6.69617060114917617e-1	7.32526932237204220e-1	9.14119373153756798e-1	3.60654130938544315e-1	8.36447516745504882e-1
gene56	7.92058286836613775e2	9.63493335481591384e-2	1.19471938609419293e-1	8.06459949253412800e-1	4.19977682244106421e-1	8.44334055459097677e-1
gene57	4.64547853663933154e2	-1.06158350246464736e-1	1.01885398169207483e-1	-1.04193880726815147e0	2.97440067336392666e-1	7.83169989039814052e-1
gene58	1.71812669393605013e1	5.78756159015538119e-1	4.09366039487564837e-1	1.41378644828479660e0	1.57424618930080862e-1	5.85828183051619988e-1
gene59	2.62013892048191934e1	5.10072430996030002e-2	3.40562724218990198e-1	1.49773417559357108e-1	8.80943377422901297e-1	9.77617272669236814e-1
gene60	1.47816441690291555e2	2.43586075543799796e-1	1.61068703696750692e-1	1.51231164064253765e0	1.30454602003877207e-1	5.35691148430651021e-1
gene61	2.82133806054931256e2	-1.86632600389653436e0	1.15399013378014642e-1	-1.61728072820083497e1	7.84410967916254653e-59	1.84567286568530510e-57
gene62	4.18976104700729229e3	7.06713442427610583e-2	1.08648380091597163e-1	6.50459253816585536e-1	5.15395573295266529e-1	9.04202760167134190e-1
gene63	8.57703580132100910e2	-1.34517237694343400e-1	1.04744667324580140e-1	-1.28423948569624802e0	1.99058185078602151e-1	6.63527283595340522e-1
gene64	2.25221726716599022e2	-3.99713029769134948e-2	1.41190254613253297e-1	-2.83102421526205350e-1	7.77098355203173941e-1	9.39796242969875850e-1
gene65	1.58346144357102639e3	1.46708798616417974e-1	7.46012922983781690e-2	1.96657181258517477e0	4.92325914226995273e-2	2.73514396792775172e-1
gene66	1.66319359867471448e1	4.86007194151020006e-1	4.82162288971932640e-1	1.00797429676071393e0	3.13466817128004005e-1	8.06886360846098993e-1
gene67	2.95117291423172823e1	-3.68749935701331910e-1	3.21494419686158939e-1	-1.14698704898611781e0	2.51386990737928806e-1	7.28657944167909633e-1
gene68	1.29849123561224474e3	-7.71368243660933289e-2	1.03947074493051142e-1	-7.42077877057039537e-1	4.58040129920932237e-1	8.60169258067478348e-1
gene69	5.43965260825242581e2	-2.87985702568142390e-2	9.59605567283390720e-2	-3.00108411608552561e-1	7.64094487983380755e-1	9.39796242969875850e-1
gene70	1.79558452244234523e1	-8.32983135929300733e-1	4.25903468380271322e-1	-1.95580265898554528e0	5.04884011484450224e-2	2.76648773416137084e-1
gene71	5.74054647684512087e0	6.49365041092801354e-1	6.74262361072560767e-1	9.63074729634685878e-1	3.35510034609357244e-1	8.17392725136418363e-1
gene72	1.06062278628203206e1	-3.26101085012892034e-1	5.04732720494796006e-1	-6.46086674731947030e-1	5.18223183903251838e-1	9.05193334328824206e-1
gene73	1.07760729130912214e1	-2.62580766585745540e0	5.96464693786516897e-1	-4.40228515318841129e0	1.07116648910509330e-5	8.40130579690269279e-5
gene74	7.48141736311883250e1	-2.02967763422021585e0	2.10244561297606908e-1	-9.65388888869829920e0	4.73261690667543089e-22	5.73650534142476431e-21
gene75	1.65982446626198836e1	4.88572039631281041e-1	4.38203184588212280e-1	1.11494406433947146e0	2.64874410013810513e-1	7.43835547867178648e-1
gene76	6.48929325153601781e2	1.34388683017047206e-1	1.09628639058909932e-1	1.22585379304793007e0	2.20253714404369083e-1	6.87038581765857748e-1
gene77	5.68888564370997063e0	-8.70128532543816169e-1	7.12042804721099376e-1	-1.22201716915689862e0	2.21701149106708406e-1	6.87038581765857748e-1
gene78	5.67087973880901757e1	1.85384444633456463e-1	2.26645085199322138e-1	8.17950428840849675e-1	4.13385485461969904e-1	8.44334055459097677e-1
gene79	1.60958504796355896e2	-1.24347343561959270e-1	1.84095733977869547e-1	-6.75449348418400985e-1	4.99390285893797525e-1	8.91768367667495565e-1
gene80	2.88243657573919387e0	5.27262364743613432e-1	1.03101101358697789e0	5.11403232162594867e-1	6.09068687000333453e-1	9.28185070597554063e-1
gene81	2.64817304986111935e2	9.42625360953444208e-2	1.51874584413190877e-1	6.20660372237748503e-1	5.34823063980869207e-1	9.16585215558589295e-1
gene82	3.13035421581287174e1	1.99663009544940873e0	3.43339562801002030e-1	5.81532194880391895e0	6.05172930192496998e-9	5.50157209265906404e-8
gene83	5.36964353218737429e1	3.06521796899494992e-1	2.31340663169889216e-1	1.32498019457303617e0	1.85177730097071558e-1	6.27721118973123882e-1
gene84	3.76065507944731678e2	6.41807175415063380e-2	1.28269339553285705e-1	5.00358992764941668e-1	6.16822278663981427e-1	9.28185070597554063e-1
gene85	9.17160136378813604e2	2.20553633632043944e-1	1.23502335916788927e-1	1.78582560398407697e0	7.41274951076368038e-2	3.75329089152591389e-1
gene86	2.02948592596849920e2	-1.32044867805749755e-1	1.36256959836112995e-1	-9.69087142150907743e-1	3.32501725158903361e-1	8.17392725136418363e-1
gene87	2.12061312484423006e1	1.87991554415453094e-1	4.04945852432817777e-1	4.64238745219996252e-1	6.42476668284133079e-1	9.28185070597554063e-1
gene88	9.68433036335936315e0	-1.89169869787816386e-1	6.09553112885435899e-1	-3.10341897677045286e-1	7.56300994306602914e-1	9.39796242969875850e-1
gene89	7.45197872266167849e0	1.38883324007552766e0	6.11486912805052740e-1	2.27123951632027765e0	2.31324804635838349e-2	1.38104360976619905e-1
gene90	3.92453866191957204e1	-2.63513152729481226e-1	2.89996630606444428e-1	-9.08676601443331844e-1	3.63520865195741172e-1	8.36447516745504882e-1
gene91	4.27094393007835208e2	-1.62956259897425959e-1	1.13283952978219721e-1	-1.43847610904570389e0	1.50299015450112428e-1	5.72567677905190142e-1
gene92	2.26643211316497828e0	-1.77515995986061004e0	1.10079622129019361e0	-1.61261451077659479e0	1.06828281717978230e-1	4.64470790078166218e-1
gene93	2.92146524530813565e1	1.29911505313029885e0	3.44948200342984290e-1	3.76611633815912095e0	1.65806569616230192e-4	1.25137033672626571e-3
gene94	7.20003809343925241e3	2.04126726043482964e0	7.90178193158138503e-2	2.58329991653706728e1	3.77782585701661450e-147	2.51855057134440955e-145
gene95	2.70091535296857865e3	1.76487581968607266e-3	1.00389685866362544e-1	1.75802504456030705e-2	9.85973674474044048e-1	9.99340791286728369e-1
gene96	6.79885659997644098e2	1.30994625356231409e-1	1.04615757455791922e-1	1.25215004452447376e0	2.10515208499849310e-1	6.73648667199517881e-1
gene97	4.29177095091086116e1	-1.80492290579889275e-1	3.24867683910117722e-1	-5.55587088279998698e-1	5.78493112219890859e-1	9.28116350725669781e-1
gene98	1.38919502433791536e2	7.77917414483793451e-2	1.75072769610647994e-1	4.44339468789942682e-1	6.56797138629377164e-1	9.28185070597554063e-1
gene99	7.62510281573550515e2	4.53342961293294114e-2	1.02223524886377787e-1	4.43482028033359510e-1	6.57417084859214684e-1	9.28185070597554063e-1
gene100	2.99852453510571536e2	-7.86313460634086069e-4	1.29437060571263612e-1	-6.07487111623002986e-3	9.95152985976121895e-1	9.99340791286728369e-1
gene101	3.33855556110871873e2	9.44140035663881549e-2	1.33872546071507337e-1	7.05252916576019961e-1	4.80652825352375190e-1	8.85995991432949714e-1
gene102	1.90189377211525787e1	-5.19656772039609249e-1	4.48777572083879361e-1	-1.15793837385100451e0	2.46889203131311158e-1	7.26144715092091664e-1
gene103	2.14100969051048686e1	-3.06877246369853252e-1	4.42781728034653210e-1	-6.93066644217613770e-1	4.88267696602244949e-1	8.87518179371006077e-1
gene104	5.60456368243567411e1	-1.46057156446779385e-1	2.50915186853690075e-1	-5.82097713088789881e-1	5.60500818156538849e-1	9.28116350725669781e-1
gene105	2.94564267429873553e3	-7.02474711608697122e-2	1.06654712808928825e-1	-6.58643854648200744e-1	5.10124455853762537e-1	8.98897719566101427e-1
gene106	3.31428792471225279e3	4.97813425575072965e-2	8.48514973682245460e-2	5.86687849967743369e-1	5.57413322259593058e-1	9.28116350725669781e-1
gene107	7.65528716612464791e2	5.13864136647480957e-2	1.27470473912443205e-1	4.03124049731268363e-1	6.86856952242190011e-1	9.28185070597554063e-1
gene108	1.94232484646050966e3	2.14932987593607550e0	1.09233349641283867e-1	1.96764988256274620e1	3.42887507501348525e-86	1.14295835833782834e-84
gene109	1.67696529426150960e2	-6.48687714031222773e-2	1.49655643312270992e-1	-4.33453560236063407e-1	6.64685269236674148e-1	9.28185070597554063e-1
gene110	4.07311500900778878e0	-2.93419662008364168e-1	9.87590984028631436e-1	-2.97106460825950158e-1	7.66385257673897868e-1	9.39796242969875850e-1
gene111	8.32395684226922185e2	2.12067748771306386e0	1.36479069835519107e-1	1.55384813969559392e1	1.90442925043360920e-54	4.23206500096357582e-53
gene112	1.37589697089821379e3	1.05140678001553231e-1	9.85350621376352293e-2	1.06703822700889139e0	2.85954591760243793e-1	7.68811472731371626e-1
gene113	7.92994936401926225e2	-4.41112207167040291e-2	9.45622090654114483e-2	-4.66478323134255524e-1	6.40873123036278192e-1	9.28185070597554063e-1
gene114	9.22620819284338154e1	-1.58337442980356458e-1	1.76720479186955104e-1	-8.95976763467515536e-1	3.70265178428078545e-1	8.36757465374188825e-1
gene115	1.33515103868483237e2	-1.14284380977260702e0	1.67158681864893660e-1	-6.83687976611536641e0	8.09366049698639317e-12	8.30119025331937781e-11
gene116	1.79382875528241101e2	2.26707675099422107e-1	1.87577381721251213e-1	1.20860880463893205e0	2.26813187505754937e-1	6.92559351162610470e-1
gene117	2.06081852683348776e0	7.94559302638915499e-1	1.19525567958792145e0	6.64760951324530946e-1	5.06203364342577067e-1	8.95935158128455034e-1
gene118	5.57343863250039888e1	-3.10447344531689429e-1	2.42992409975439111e-1	-1.27760099405190664e0	2.01390162093005809e-1	6.63552867982332484e-1
gene119	2.96600170033778625e2	1.88875965991629723e-2	1.15993409506729747e-1	1.62833359925221827e-1	8.70649647196703347e-1	9.77617272669236814e-1
gene120	1.38695705071368661e3	-5.29611887513268473e-2	1.01235003672782722e-1	-5.23150954016961101e-1	6.00869162826003667e-1	9.28116350725669781e-1
gene121	4.71695692896907062e1	-2.51722281921447300e-1	2.30437985745682333e-1	-1.09236452968849895e0	2.74672924879980240e-1	7.57718413462014406e-1
gene122	8.37184538588303866e1	8.75068877652375177e-2	2.27811766150017331e-1	3.84119263214934115e-1	7.00890045407507212e-1	9.28331185970208250e-1
gene123	2.18727949112663964e2	-4.95047243635430845e-2	1.33887500621279742e-1	-3.69748663122589694e-1	7.11569766122560843e-1	9.37835317775752242e-1
gene124	2.37580028118781087e2	-1.54278743784332078e-2	1.36214371902733999e-1	-1.13261722408041651e-1	9.09823021550419608e-1	9.79162934194272805e-1
gene125	6.25571245218965828e2	5.07944794888253934e-2	1.08554854225127603e-1	4.67915321257626471e-1	6.39845109042741722e-1	9.28185070597554063e-1
gene126	5.95119628565615812e1	-2.00348929221593031e-1	2.37947749657649366e-1	-8.41987072833627725e-1	3.99795185832064803e-1	8.44334055459097677e-1
gene127	2.43593950917357870e3	1.61063124019261483e-1	8.90696051710970077e-2	1.80828379905658654e0	7.05623373500958856e-2	3.61858140256901994e-1
gene128	3.20772005516534773e3	8.91929073303278190e-3	9.80312910474132188e-2	9.09841198431114440e-2	9.27505145444839529e-1	9.85284536982206527e-1
gene129	1.84879898631266890e1	-1.25600339985573450e0	3.90040062034642365e-1	-3.22019074990347898e0	1.28105333492295058e-3	9.15038096373536024e-3
gene130	6.49382438244385980e2	-1.55082180312119067e-1	9.56488168012824685e-2	-1.62137060863297267e0	1.04938177816789394e-1	4.61266715678195161e-1
gene131	1.21924149686023452e3	-3.03241140550491695e0	1.15360491833883180e-1	-2.62863945645405970e1	2.74389809093792627e-152	2.19511847275034108e-150
gene132	2.64876440457312810e2	8.63250004371929752e-2	1.37830251358898925e-1	6.26313886727301927e-1	5.31109036228344156e-1	9.15705234876455387e-1
gene133	3.23733015484987334e2	8.53950951249516088e-2	1.13532951561585521e-1	7.52161323654387259e-1	4.51954028488274262e-1	8.52743449977875989e-1
gene134	2.87298746859702487e3	-8.27935144856353916e-2	9.54706076613433680e-2	-8.67214701087096973e-1	3.85824383350391265e-1	8.44334055459097677e-1
gene135	1.09382526460098006e3	-1.49820699132015989e0	1.10009774510528652e-1	-1.36188533972203683e1	3.09387022107102107e-42	5.89308613537337268e-41
gene136	2.29107138423872669e2	1.13120319820645396e-1	1.46865987728833497e-1	7.70228162217554968e-1	4.41164543977378532e-1	8.44334055459097677e-1
gene137	1.27904690743165133e3	2.78399998026465680e-2	9.27283908276001906e-2	3.00231671812427436e-1	7.64000472860183355e-1	9.39796242969875850e-1
gene138	6.29816362042905187e0	-1.27682320726139209e0	6.78324705021866703e-1	-1.88231859728628348e0	5.97927662459926609e-2	3.14698769715750837e-1
gene139	8.29560190864161427e2	-1.82072664505299325e-1	1.03896925583295108e-1	-1.75243553630785742e0	7.96989410114047891e-2	3.98494705057023946e-1
gene140	3.57605812269876708e2	-5.86119709554089874e-2	1.47755572376051081e-1	-3.96681966120616458e-1	6.91601986009723890e-1	9.28308551509596347e-1
gene141	2.92504745608447472e1	2.32661606405913268e0	4.09042789499288240e-1	5.68795276138996986e0	1.28571364855929881e-8	1.11801186831243376e-7
gene142	6.12720644924304381e0	-7.58355166686974114e-1	6.43436482785743613e-1	-1.17860144237344566e0	2.38556933402109900e-1	7.17464461359729078e-1
gene143	1.09457572003921385e2	2.45452813220102595e-1	1.77363436769107846e-1	1.38389748017588121e0	1.66389855157651090e-1	5.99603081649193181e-1
gene144	9.31174705854494846e2	2.76814231959377988e-1	9.81944407659090662e-2	2.81904178892662705e0	4.81672468162379526e-3	3.32187909077503105e-2
gene145	6.82335021914387426e2	-1.63512384334026858e-2	1.05641793610552356e-1	-1.54780015319329001e-1	8.76994746087878640e-1	9.77617272669236814e-1
gene146	1.29285395204963538e3	6.06383464755741591e-2	1.06993824789784212e-1	5.66746226660399977e-1	5.70886561405696047e-1	9.28116350725669781e-1
gene147	7.37276215077698538e0	-1.59637272709577238e0	6.08865210577405724e-1	-2.62188198531146632e0	8.74457026699405893e-3	5.82971351132937216e-2
gene148	2.99409005561088634e3	3.81991634435669761e-2	7.78203614374121805e-2	4.90863351672929937e-1	6.23523056976402978e-1	9.28185070597554063e-1
gene149	3.25877766027222151e1	-4.34586048720629448e-1	2.90797981861478205e-1	-1.49446033269806100e0	1.35055344017894430e-1	5.35691148430651021e-1
gene150	5.60695039589434501e1	3.60676989476091014e0	5.60492495323521855e-1	6.43500122633942961e0	1.23472320684539426e-10	1.20460800667843336e-9
gene151	6.16564983714862933e2	6.19642972153835875e-2	1.12729492923572150e-1	5.49672455791084480e-1	5.82544004559995221e-1	9.28116350725669781e-1
gene152	4.13220080486384447e1	-9.20888420759394116e-2	2.95262178984316226e-1	-3.11888377958597252e-1	7.55125375929487697e-1	9.39796242969875850e-1
gene153	9.16728620572442537e2	-1.16370315782324998e-1	1.17197276185072488e-1	-9.92943859877412183e-1	3.20737328436324354e-1	8.06886360846098993e-1
gene154	6.65585422503391442e1	-1.98681445936032652e-1	2.17929223209489181e-1	-9.11678768959983898e-1	3.61937850335105171e-1	8.36447516745504882e-1
gene155	4.80493988374323010e2	-6.60569099044248098e-2	1.34080981536640498e-1	-4.92664277568503284e-1	6.22249779988982232e-1	9.28185070597554063e-1
gene156	9.26025198813454494e2	-1.15516216302861633e-2	9.19360287004879206e-2	-1.25648473112966397e-1	9.00010162491184484e-1	9.78685493568984044e-1
gene157	1.63071439612383067e1	-1.83959722902693246e-1	4.31947904356465961e-1	-4.25884050014698257e-1	6.70192312591158412e-1	9.28185070597554063e-1
gene158	6.62970102003183559e0	8.17015655043452194e-1	7.31049986325479795e-1	1.11759205297310360e0	2.63741282077075867e-1	7.43835547867178648e-1
gene159	6.65244564336690036e0	-8.44194954426222277e-1	6.23548543402001165e-1	-1.35385602830599594e0	1.75782322688377013e-1	6.22238310401334593e-1
gene160	4.89456654408695783e2	-6.35575038155132416e-2	1.03668883931629610e-1	-6.13081779267826255e-1	5.39822222459438006e-1	9.18846336101171057e-1
gene161	2.79316840704202150e3	4.45306492363834114e-2	8.75431761760241955e-2	5.08670706062172795e-1	6.10983014201271324e-1	9.28185070597554063e-1
gene162	1.77825567051239176e2	3.42245467190419650e-1	1.35626802422347981e-1	2.52343534668502967e0	1.16214422318880132e-2	7.60856948141680201e-2
gene163	2.79770440682771493e2	-1.65246368213462329e-2	1.31860984258058089e-1	-1.25318621837424982e-1	9.00271281466621720e-1	9.78685493568984044e-1
gene164	1.91407888777201585e1	-2.04402473620074937e-1	4.32193558119730981e-1	-4.72941971901046032e-1	6.36254540782347999e-1	9.28185070597554063e-1
gene165	1.89691808896860977e2	2.89349629974474054e-1	1.74685888096427017e-1	1.65639957026610185e0	9.76409249239573729e-2	4.48923792753826933e-1
gene166	1.73518539682052158e1	-1.43531466952409426e-1	4.12493233933001802e-1	-3.47960778856610697e-1	7.27869645017221401e-1	9.39796242969875850e-1
gene167	1.06426587664177362e2	-8.41830487727886351e-2	1.54502009873858870e-1	-5.44867013972949454e-1	5.85844936781921954e-1	9.28116350725669781e-1
gene168	4.53885437251470876e1	-4.55909548291811406e-1	2.91137653833912768e-1	-1.56595872189001395e0	1.17358280102939916e-1	4.99396936608254960e-1
gene169	1.01264366846271034e1	-3.18124357061490282e-1	5.71560992576400029e-1	-5.56588642670479028e-1	5.77808467371543233e-1	9.28116350725669781e-1
gene170	9.55199645791286933e0	-1.64582342226083767e0	6.27255641427277189e-1	-2.62384793943961903e0	8.69425884342298928e-3	5.82971351132937216e-2
gene171	6.76180997331041567e2	-1.81203575424681573e-2	1.15625780011159834e-1	-1.56715548562952306e-1	8.75469033437922928e-1	9.77617272669236814e-1
gene172	4.32845887830559661e1	-2.69030540554678188e0	3.29657924109260647e-1	-8.16090015981268202e0	3.32536938997820343e-16	3.80042215997508929e-15
gene173	7.40422500660832128e1	-1.44447340123173867e-1	1.89560523075828463e-1	-7.62011719420038092e-1	4.46052990797036253e-1	8.49624744375307217e-1
gene174	4.02922471525786477e2	2.60808331513334979e0	1.70313743267689693e-1	1.53134049260728720e1	6.22196021458701687e-53	1.30988636096568785e-51
gene175	8.86678009600675949e1	-3.01114795813235858e-1	2.17057484913425802e-1	-1.38725829212172336e0	1.65363022676923932e-1	5.99603081649193181e-1
gene176	1.36981292526800136e1	-1.38086615027245757e-1	4.77722146806553227e-1	-2.89052152910051208e-1	7.72541495990397675e-1	9.39796242969875850e-1
gene177	1.33316200541375952e3	-5.16698309578076248e-2	8.75366033775466235e-2	-5.90265431421355347e-1	5.55012664348327744e-1	9.28116350725669781e-1
gene178	1.95947160662626516e2	-1.04211863904409263e0	1.75140970756828551e-1	-5.95017050859563934e0	2.67863268475077271e-9	2.49175133465188184e-8
gene179	2.49285985223114403e3	1.95589600450982970e0	1.00510645156229692e-1	1.94595905883368268e1	2.41707931495671827e-84	7.43716712294374820e-83
gene180	8.87066720607114917e2	-1.94729774652854681e-1	8.87831055730338020e-2	-2.19332015247729961e0	2.82843180954270856e-2	1.61624674831011922e-1
gene181	2.63245302225643763e3	-6.01500606775066948e-3	9.16400487880067588e-2	-6.56373075669714617e-2	9.47666504853156622e-1	9.89084233657417933e-1
gene182	1.88262202408937719e3	-1.24795293175454389e-1	8.84294780328556129e-2	-1.41124086618590239e0	1.58173609423937406e-1	5.85828183051619988e-1
gene183	4.15657922175069174e1	-3.04984173320121177e-1	2.39242694447257848e-1	-1.27478991166167588e0	2.02383624734611411e-1	6.63552867982332484e-1
gene184	2.48818980261266915e1	2.06174859265464333e-1	3.23154848464033195e-1	6.38006393050950527e-1	5.23469476646102105e-1	9.08025314450691678e-1
gene185	7.37222744551999881e2	-1.08025785372347735e-1	9.24166682894141389e-2	-1.16889937033925229e0	2.42444193906968197e-1	7.23714011662591639e-1
gene186	7.66411094482890462e2	5.81768411574170238e-2	1.23829217303935576e-1	4.69815140756510596e-1	6.38487058243170313e-1	9.28185070597554063e-1
gene187	2.54857174545956786e3	7.34811634811991937e-2	1.05173812938872582e-1	6.98664063115280620e-1	4.84761965964992103e-1	8.87518179371006077e-1
gene188	1.04998761260097126e3	7.84808668635184337e-2	9.96997056383377850e-2	7.87172503279086833e-1	4.31180877426002751e-1	8.44334055459097677e-1
gene189	1.36229642193545839e1	-6.66617389898174761e-1	4.83464876906346763e-1	-1.37883313088596315e0	1.67946216132394743e-1	5.99807914758552663e-1
gene190	3.49994658535587391e1	-2.42948210955677757e-1	3.05121294406979326e-1	-7.96234859411767748e-1	4.25895527544806085e-1	8.44334055459097677e-1
gene191	1.47535124854268158e1	9.79878144828498637e-2	4.46052369078538125e-1	2.19677825465369903e-1	8.26122108888418749e-1	9.77617272669236814e-1
gene192	1.01155322811696863e3	-1.64054634430442686e-1	1.09470057340518651e-1	-1.49862563714690222e0	1.33970779420582747e-1	5.35691148430651021e-1
gene193	7.44535065003441421e0	9.77605672504342937e-1	5.83148934099466221e-1	1.67642537838814820e0	9.36548978817336175e-2	4.40728931208158203e-1
gene194	7.98068712941861236e0	-1.02130685045215677e-1	5.89348045660973985e-1	-1.73294347537324284e-1	8.62420079859254507e-1	9.77617272669236814e-1
gene195	7.88316041782322685e0	8.92045668571020300e-1	7.29433394505756838e-1	1.22292957148670833e0	2.21356313000738991e-1	6.87038581765857748e-1
gene196	6.74668314095496413e0	5.07347482063256680e-2	5.85507983179448188e-1	8.66508223010450940e-2	9.30948999790829457e-1	9.85284536982206527e-1
gene197	1.93014080879199582e2	7.01741191945816772e-2	1.52014032398478355e-1	4.61629219930383972e-1	6.44347200804109010e-1	9.28185070597554063e-1
gene198	7.87648038095036274e0	7.24451176582286555e-2	6.45364596608389629e-1	1.12254558181456465e-1	9.10621528800673707e-1	9.79162934194272805e-1
gene199	1.15114555241854373e3	1.18866014357165928e0	1.00121281687762576e-1	1.18722026279947670e1	1.65063691992126768e-32	2.35805274274466824e-31
gene200	7.05625796823417204e2	-4.80000596661120868e-2	8.50272177785304784e-2	-5.64525817969692367e-1	5.72396286693034551e-1	9.28116350725669781e-1
gene201	1.98801320304829346e3	5.54915478181035315e-3	8.55813693112588703e-2	6.48406870148117709e-2	9.48300764610719327e-1	9.89084233657417933e-1
gene202	9.62874084926627347e1	-1.41124788341114837e0	1.81516119712160806e-1	-7.77477992394854489e0	7.55786797634182977e-15	8.17066808253170749e-14
gene203	3.24039185815330848e3	1.62076585644362181e0	7.83061459105245106e-2	2.06978116161606067e1	3.62458874231920661e-95	1.44983549692768254e-93
gene204	1.00955040816758398e2	-1.23084768840448569e-1	1.81905074590355903e-1	-6.76642854068977062e-1	4.98632546628470397e-1	8.91768367667495565e-1
gene205	1.52173107024639105e1	7.85649231726149866e-1	5.01613739471862052e-1	1.56624344571052299e0	1.17291634295517685e-1	4.99396936608254960e-1
gene206	6.70822540809698040e1	-1.42453220912701184e0	2.11080678816626399e-1	-6.74875700188815308e0	1.49117067740513053e-11	1.49117067740513066e-10
gene207	3.56606403757443877e3	-2.16793955178572403e-2	8.87655484400235312e-2	-2.44232091153083114e-1	8.07051109845740688e-1	9.66528275264360026e-1
gene208	1.21130691197352121e2	1.59992323826288280e-1	1.93223679721806763e-1	8.28016131649271792e-1	4.07661358123652340e-1	8.44334055459097677e-1
gene209	2.48663620243784180e1	-1.85337731681586848e-2	3.13611066117850723e-1	-5.90979565791021830e-2	9.52874003409826864e-1	9.89084233657417933e-1
gene210	2.55177725079460203e1	4.75784844231402160e-1	3.34375146362542341e-1	1.42290732253029950e0	1.54763028005123066e-1	5.84011426434426606e-1
gene211	8.27236028463973867e2	3.09475883082220227e0	1.39822027780138664e-1	2.21335570650464000e1	1.50245231485716318e-108	7.51226157428581571e-107
gene212	6.94730149212464312e2	1.49023819692738324e0	1.11712444299971903e-1	1.33399479911635783e1	1.35554086287911078e-40	2.25923477146518435e-39
gene213	4.67940141276920372e1	4.20007044787198858e-1	2.57228942689815776e-1	1.63281410091426626e0	1.02508097801605649e-1	4.60710551917328792e-1
gene214	6.72632415356737567e0	2.71866901480003753e-1	1.25768432534052077e0	2.16164657539478472e-1	8.28859434039129317e-1	9.77617272669236814e-1
gene215	1.00814534150535096e2	-4.41755542098798068e-2	2.14272737142979702e-1	-2.06165071669394823e-1	8.36662000291487074e-1	9.77617272669236814e-1
gene216	1.52945526865822853e3	-1.24835106966139338e-3	1.07407013592984033e-1	-1.16226215393343494e-2	9.90726679399949628e-1	9.99340791286728369e-1
gene217	2.26719271046764135e2	1.10425583089680313e-1	1.25714181983949264e-1	8.78386044812183853e-1	3.79734257253869556e-1	8.44334055459097677e-1
gene218	4.01831125855914877e1	3.14577370648155330e-1	2.95075379570801100e-1	1.06609155635322961e0	2.86382273592435954e-1	7.68811472731371626e-1
gene219	2.05918802262983178e2	-1.90181297191926515e-2	1.65306081493372531e-1	-1.15047973718711186e-1	9.08407057353429304e-1	9.79162934194272805e-1
gene220	2.06452117745797477e3	-1.15921604128878891e-1	1.16544403304825767e-1	-9.94656121115332081e-1	3.19903556888661289e-1	8.06886360846098993e-1
gene221	1.32825607848484850e2	-5.83842808276556283e-2	1.71988375305706986e-1	-3.39466436169760688e-1	7.34258387225420361e-1	9.39796242969875850e-1
gene222	1.74949351107144828e1	3.29411126434380197e-1	4.04031411075634894e-1	8.15310684774244510e-1	4.14894485885666742e-1	8.44334055459097677e-1
gene223	1.83603924789362537e2	2.32188027895638777e-1	1.34134052721392727e-1	1.73101478099608364e0	8.34491240101925963e-2	4.02164453061169158e-1
gene224	3.39723385333847864e3	2.85120095919234422e-2	8.86308385398183324e-2	3.21694006980585256e-1	7.47684535332296729e-1	9.39796242969875850e-1
gene225	8.14986635891595199e1	1.66539000305673590e0	2.96497247557556576e-1	5.61688183204279934e0	1.94434283610871592e-8	1.65475986051805615e-7
gene226	1.26994148898011372e3	-6.71529545535160532e-2	1.15834760368570322e-1	-5.79730595029027240e-1	5.62096260458491592e-1	9.28116350725669781e-1
gene227	3.54028534989068788e1	4.04352700602203033e-2	2.70796465895467409e-1	1.49319784977655828e-1	8.81301298674747047e-1	9.77617272669236814e-1
gene228	2.07919348321766364e1	-6.86257039833126220e-2	3.85522564574643234e-1	-1.78006971029125327e-1	8.58717517498845506e-1	9.77617272669236814e-1
gene229	5.76927115038467608e0	1.20363314499303944e-1	7.90311702594272303e-1	1.52298535001063606e-1	8.78951477509608448e-1	9.77617272669236814e-1
gene230	2.25778071048131146e1	6.71625544796600416e-1	3.91498994932214517e-1	1.71552303707162235e0	8.62493714037023684e-2	4.10711292398582728e-1
gene231	4.02190426768642126e1	1.47684062091004153e-1	2.81992247804540963e-1	5.23716744842465665e-1	6.00475520888062331e-1	9.28116350725669781e-1
gene232	1.12223840984441328e1	4.50102206398865279e-1	4.69722495875433188e-1	9.58230040824420981e-1	3.37946783937359718e-1	8.17392725136418363e-1
gene233	2.98552817487078279e1	-3.55510760829482020e-1	2.67665526251932739e-1	-1.32819031949175037e0	1.84115251198698288e-1	6.27721118973123882e-1
gene234	2.89275572883703136e0	-1.21057920676541775e0	9.55884254425970692e-1	-1.26644957395223234e0	2.05352184801648047e-1	6.67811983094790396e-1
gene235	1.91134484548229702e4	3.00996693430525974e0	1.02098992668713487e-1	2.94808680833108099e1	5.06462968454109284e-191	1.01292593690821858e-188
gene236	1.09212536712752694e3	1.74057371173571770e-2	8.21349004442124414e-2	2.11916457233420230e-1	8.32172242681368579e-1	9.77617272669236814e-1
gene237	6.99163741872882394e0	5.07354679151597820e-1	6.13152150129467666e-1	8.27453151790252028e-1	4.07980258852580546e-1	8.44334055459097677e-1
gene238	1.92585497778414424e3	-1.28484781683939255e-2	1.02650001504571708e-1	-1.25167832246175809e-1	9.00390654083465303e-1	9.78685493568984044e-1
gene239	1.97370641223275015e2	2.40823508112802176e-1	1.66284496097366202e-1	1.44826194723403701e0	1.47543809167968304e-1	5.67476189107570361e-1
gene240	7.52541440896380180e1	-7.64336369900100836e-3	2.14246467087909676e-1	-3.56755647030799414e-2	9.71540982422984700e-1	9.91368349411208882e-1
gene241	4.85426071913254642e0	-3.56070381488563847e-1	6.74776117918165053e-1	-5.27686697903773538e-1	5.97716760592849061e-1	9.28116350725669781e-1
gene242	2.04321097473083881e2	1.04929272844434776e-1	1.33169829555159491e-1	7.87935774904424790e-1	4.30734260381198886e-1	8.44334055459097677e-1
gene243	4.56316248330139729e0	6.64320227684552456e-1	6.61564774830244562e-1	1.00416505376214293e0	3.15299078497607577e-1	8.06886360846098993e-1
gene244	1.01090933483674643e1	-1.67149033394856250e0	4.81718045792382754e-1	-3.46985201934694310e0	5.20745226771835551e-4	3.85737205016174495e-3
gene245	1.80584696428928595e2	3.82101910770074438e-1	1.60998149091662685e-1	2.37333107818853595e0	1.76284531798101794e-2	1.08749860096027592e-1
gene246	1.22249052204733957e2	-9.18889007887877321e-3	1.62124053542278823e-1	-5.66781416952573877e-2	9.54801503418861719e-1	9.89084233657417933e-1
gene247	1.08916198535493702e1	-2.70104829158374082e0	6.09935844000770611e-1	-4.42841377195783981e0	9.49286604630188261e-6	7.59429283704150609e-5
gene248	1.07124311609851262e1	1.32557888200288221e0	5.26384704877656873e-1	2.51827013535846422e0	1.17932826961960439e-2	7.60856948141680201e-2
gene249	1.32505676636526488e2	-1.37880046674242002e-1	1.75911350885879086e-1	-7.83804148964158842e-1	4.33155024541013345e-1	8.44334055459097677e-1
gene250	2.88584105168356973e3	2.18646933968926038e-1	9.73407797757190052e-2	2.24620076470217489e0	2.46911491102309970e-2	1.45242053589594106e-1
gene251	3.85496285391787694e1	3.11814704476561289e-1	3.11685164480147214e-1	1.00041561168504800e0	3.17109432891324261e-1	8.06886360846098993e-1
gene252	1.46581242224733312e1	-3.68096161864669924e-1	4.67911143957099540e-1	-7.86679622014770374e-1	4.31469422206991415e-1	8.44334055459097677e-1
gene253	1.77575951982500975e1	-2.55281682234274143e0	4.48087654550729853e-1	-5.69713714809280969e0	1.21835908756242930e-8	1.08298585561104826e-7
gene254	1.77632932156378359e2	4.93606189882441274e-2	1.26630203254070761e-1	3.89801309006880592e-1	6.96683464136303998e-1	9.28308551509596347e-1
gene255	4.20430689376141675e0	-1.44568759452336854e-1	8.72087507198502476e-1	-1.65773226034105381e-1	8.68335425140392414e-1	9.77617272669236814e-1
gene256	1.02855119417973015e3	8.82440967339367770e-3	9.07766737267977769e-2	9.72101015724776835e-2	9.22559488250441762e-1	9.84063454133804472e-1
gene257	9.33760610136213920e0	9.36045197472102908e-2	5.95637163221948485e-1	1.57150234281689755e-1	8.75126449429557529e-1	9.77617272669236814e-1
gene258	1.78616626097793159e2	-9.94179958213646658e-2	1.70802153700655268e-1	-5.82065235521577962e-1	5.60522693251313209e-1	9.28116350725669781e-1
gene259	2.30443870588430485e2	1.68597128424931741e-1	1.51333083013993119e-1	1.11407978392498808e0	2.65244978222639149e-1	7.43835547867178648e-1
gene260	2.96599852536810431e2	1.02120983691093209e-1	1.53143236382438680e-1	6.66833130234171234e-1	5.04878690729054669e-1	8.95935158128455034e-1
gene261	9.31329380952216070e2	1.00342182768269272e0	1.03524052960320842e-1	9.69264435645007794e0	3.24028492869607712e-22	4.05035616087009675e-21
gene262	7.80349536759142026e0	6.05664775054278626e-1	6.63893414096780377e-1	9.12292187561882795e-1	3.61614932719950266e-1	8.36447516745504882e-1
gene263	4.20598288413298036e1	3.70812897207708880e-1	2.78748867747716067e-1	1.33027588669280661e0	1.83427398468699127e-1	6.27721118973123882e-1
gene264	3.04266928237701586e3	-1.07724916467652088e-1	9.27285090164055859e-2	-1.16172380652204099e0	2.45347689164393729e-1	7.26144715092091664e-1
gene265	1.03564086660098795e2	-8.47089755664887201e-1	1.74143723760195934e-1	-4.86431401243819472e0	1.14854448850816314e-6	9.57120407090136047e-6
gene266	1.34766397572848931e1	1.60776492554345951e-1	5.17247598034430101e-1	3.10830815194320154e-1	7.55929263120572181e-1	9.39796242969875850e-1
gene267	1.83901733514330385e3	-3.04151400599026456e-2	9.28037653743295776e-2	-3.27736056152693189e-1	7.43111253338380018e-1	9.39796242969875850e-1
gene268	1.71996219924006759e1	1.44608831740566129e-1	4.06397525750325728e-1	3.55830984634015635e-1	7.21967146087921674e-1	9.39796242969875850e-1
gene269	2.65254952014282071e3	1.48646933539578335e-1	8.95518419063487531e-2	1.65989811460304604e0	9.69349476154724304e-2	4.48923792753826933e-1
gene270	1.95581902698867361e3	-3.98676031969662711e-2	9.65487523954356996e-2	-4.12927171069804477e-1	6.79659952664454448e-1	9.28185070597554063e-1
gene271	1.29013463103350556e1	2.46255849363307237e-2	4.45545704226066652e-1	5.52706146703995094e-2	9.55922789462054556e-1	9.89084233657417933e-1
gene272	1.03318490185701444e3	-5.79955480620306801e-3	1.13958670524665795e-1	-5.08917380266188935e-2	9.59411706647695373e-1	9.89084233657417933e-1
gene273	5.90589548882705273e1	-2.12552889714153137e0	2.63033725819210584e-1	-8.08082267975954771e0	6.43312907513391076e-16	7.14792119459323431e-15
gene274	1.16207704910721095e1	2.48436891253856873e-1	4.93989962332901711e-1	5.02918905640504343e-1	6.15021244462479855e-1	9.28185070597554063e-1
gene275	2.05718487730972492e3	3.95492904163585457e-2	9.52438290189218384e-2	4.15242549819174023e-1	6.77964331559171796e-1	9.28185070597554063e-1
gene276	4.22169014510879137e1	7.72200833835451628e-2	2.99192731281038959e-1	2.58094784097580521e-1	7.96333791549800218e-1	9.56557106966726911e-1
gene277	3.69782494367127228e1	4.46314593985393915e-1	2.75060986499651550e-1	1.62260231690821533e0	1.04674442465835335e-1	4.61266715678195161e-1
gene278	6.96888874888314831e1	1.06183386198137886e-2	2.06358038850141007e-1	5.14559000414077303e-2	9.58962159380944978e-1	9.89084233657417933e-1
gene279	1.34686352103801909e2	-1.88106977953990423e-1	2.08061402347331337e-1	-9.04093579259695579e-1	3.65945788576158337e-1	8.36447516745504882e-1
gene280	4.20388228190776303e1	-2.39715609202580060e0	2.70621232035520520e-1	-8.85797494156393661e0	8.14810238842679914e-19	9.58600280991388202e-18
gene281	9.92248721824106923e1	-8.92854465749025050e-2	1.70125696516843367e-1	-5.24820461593600296e-1	5.99707959411164726e-1	9.28116350725669781e-1
gene282	5.15508849398692881e0	2.89416488418490436e-1	6.31168517947389929e-1	4.58540754471873535e-1	6.46563954767488180e-1	9.28185070597554063e-1
gene283	1.60643896322412409e1	4.96383740276337526e-1	4.44568470996226039e-1	1.11655183095643173e0	2.64186014704036520e-1	7.43835547867178648e-1
gene284	3.99537340805173744e3	-1.39856419825282380e-1	9.29556092751189916e-2	-1.50455062277470453e0	1.32439650316391017e-1	5.35691148430651021e-1
gene285	4.06728701877741656e1	2.37413140585420124e-1	3.06989045884885181e-1	7.73360299880033297e-1	4.39309161790758240e-1	8.44334055459097677e-1
gene286	1.24382094956301703e1	1.80625687846512860e-2	4.86904772611186309e-1	3.70967174706151384e-2	9.70407815468432688e-1	9.91368349411208882e-1
gene287	1.23920473538323847e2	2.62879513223794985e-2	1.58362404738718598e-1	1.65998687414174284e-1	8.68157991353771363e-1	9.77617272669236814e-1
gene288	7.65660815247194559e0	-3.97399867316404753e-1	7.09022970420289167e-1	-5.60489411338587651e-1	5.75145612202662693e-1	9.28116350725669781e-1
gene289	3.46999000228196124e1	-9.55575172947363272e-1	2.92226337663522573e-1	-3.26998305692637059e0	1.07553933341682597e-3	7.82210424303146287e-3
gene290	2.79011259652785348e0	1.17223226301770289e0	1.10595508734433423e0	1.05992754717781179e0	2.89177579539868668e-1	7.71140212106316447e-1
gene291	1.79564339446679173e3	3.75025881493019422e-2	8.29982766061316685e-2	4.51847793506249318e-1	6.51378603075921103e-1	9.28185070597554063e-1
gene292	1.03803401916616258e3	1.18492205146468166e0	8.92729264574387837e-2	1.32730279882736646e1	3.31893723049347943e-40	5.31029956878956709e-39
gene293	3.42802764363107357e1	1.68435233439791832e-1	3.24103564068839112e-1	5.19695714928998465e-1	6.03275627971685324e-1	9.28116350725669781e-1
gene294	5.56755809593633089e1	3.15809831400706009e-2	2.35482651433645301e-1	1.34111718837043703e-1	8.93314213180936845e-1	9.78685493568984044e-1
gene295	3.92870085322816536e1	-9.10575478034816323e-4	3.46199452449966472e-1	-2.63020484749731031e-3	9.97901419817599389e-1	9.99340791286728369e-1
gene296	7.56846752806239120e0	-8.19463323967364321e-2	6.93101396119339963e-1	-1.18231376903223995e-1	9.05884292897683352e-1	9.79162934194272805e-1
gene297	7.98081545944907703e2	-5.29787264452221338e-2	1.36798517595351138e-1	-3.87275588774527224e-1	6.98552185010971272e-1	9.28308551509596347e-1
gene298	2.73947155226151153e2	3.82836818447526081e-2	1.33265003739377358e-1	2.87274834131419354e-1	7.73901919047191300e-1	9.39796242969875850e-1
gene299	1.02920086373708752e1	-5.08996237114757166e-1	5.95086265727598152e-1	-8.55331850908068403e-1	3.92367458155355231e-1	8.44334055459097677e-1
gene300	6.22030556638611909e0	-2.46459422934244360e-1	6.31418596930736431e-1	-3.90326518940460943e-1	6.96295104303328527e-1	9.28308551509596347e-1
gene301	7.41407611175177408e1	-3.07096659413301376e0	2.29689129829995231e-1	-1.33700998232088502e1	9.04194322877958582e-41	1.57251186587471047e-39
gene302	1.00240792539626398e2	-8.99967415471675386e-2	1.71717400009686660e-1	-5.24097974591338889e-1	6.00210350786051672e-1	9.28116350725669781e-1
gene303	7.74924776080346689e0	-3.51230604305172001e-1	7.36544705749468953e-1	-4.76862574075226475e-1	6.33459944564730759e-1	9.28185070597554063e-1
gene304	2.60197863983202033e1	-9.65346339236634710e-1	3.20001775410010625e-1	-3.01669057304372634e0	2.55550534206524464e-3	1.79333708215104887e-2
gene305	1.90608409426998583e3	-6.53221252767588190e-2	9.47045860718021687e-2	-6.89746167384476361e-1	4.90353794102480867e-1	8.87518179371006077e-1
gene306	2.75061346351214297e3	-2.94083607275565546e-2	8.64969990309161912e-2	-3.39992844341862888e-1	7.33861926103175466e-1	9.39796242969875850e-1
gene307	7.58852962992929463e1	-9.34556362657770617e-2	2.53846007255912220e-1	-3.68158779710727302e-1	7.12754841509571690e-1	9.37835317775752242e-1
gene308	1.19196136915231801e1	9.80805569187488846e-1	4.17287636415346053e-1	2.35043045514832061e0	1.87517099615982369e-2	1.13646727039989320e-1
gene309	2.44859909805738134e1	-2.52035699403224900e0	3.94114979974472923e-1	-6.39497893278630070e0	1.60569476404960798e-10	1.52923310861867424e-9
gene310	2.21813115190767114e1	-1.50274116108302236e0	3.97619546070816121e-1	-3.77934429012044593e0	1.57241899214259444e-4	1.20955307087891898e-3
gene311	1.01997933840261830e1	-1.09414630791585185e-1	5.75922548653368227e-1	-1.89981501935321512e-1	8.49323648964345534e-1	9.77617272669236814e-1
gene312	3.88994359164094249e3	-1.41243652366534675e-2	9.74373055167952473e-2	-1.44958495739794996e-1	8.84743631765659289e-1	9.77617272669236814e-1
gene313	1.45962464690945097e2	-2.16031567885058645e-1	1.48440066802832810e-1	-1.45534539654987505e0	1.45573668086357327e-1	5.65334633345076942e-1
gene314	6.17406479468519365e0	3.74861674604144379e-1	7.08246340057856583e-1	5.29281484989420403e-1	5.96610150691451846e-1	9.28116350725669781e-1
gene315	1.73832798863594924e1	-1.57089068686544875e-1	3.88308785474315965e-1	-4.04546779683755742e-1	6.85810667961808673e-1	9.28185070597554063e-1
gene316	2.72168411573704907e3	5.70520727091512747e-2	9.71553484860084443e-2	5.87225238735749722e-1	5.57052396835577945e-1	9.28116350725669781e-1
gene317	3.47486496617627481e1	-4.86344980118967873e-2	2.58354509876630389e-1	-1.88247141631554121e-1	8.50682941557725170e-1	9.77617272669236814e-1
gene318	3.95363426204065433e2	-2.11768942079133382e-1	1.22118932579274433e-1	-1.73412048079982983e0	8.28967040483182677e-2	4.02164453061169158e-1
gene319	2.18463515774778944e3	-3.80536903490846859e-2	9.01826639097462607e-2	-4.21962367259059501e-1	6.73052462355649306e-1	9.28185070597554063e-1
gene320	4.05481150594252313e3	6.95349130875084209e-2	8.42596062355592396e-2	8.25246119630728692e-1	4.09231868076675609e-1	8.44334055459097677e-1
gene321	9.13899655995820837e1	2.79529094973103132e-1	1.87783930802533416e-1	1.48856770533281413e0	1.36601242849816007e-1	5.35691148430651021e-1
gene322	5.76769624549936211e1	-1.04871355852648979e-1	2.44329938889966403e-1	-4.29220243450712025e-1	6.67762926032413162e-1	9.28185070597554063e-1
gene323	1.08952227196123843e1	6.06486044103415334e-2	4.80231183370174008e-1	1.26290433671384678e-1	8.99502000620503894e-1	9.78685493568984044e-1
gene324	1.14658577702882198e2	2.70887017418782294e0	2.53184751201312841e-1	1.06991837436289341e1	1.02678708969543369e-26	1.32488656734894677e-25
gene325	2.27931000540090821e2	4.68111116543831682e-2	1.60987519188561828e-1	2.90774787327172490e-1	7.71223597042978937e-1	9.39796242969875850e-1
gene326	2.88498256904630625e3	9.33338841727555796e-2	9.62248266126422419e-2	9.69956376730879533e-1	3.32068249652670400e-1	8.17392725136418363e-1
gene327	4.89764217639128105e1	2.17749031623825584e-1	2.82088665276254369e-1	7.71916983656823374e-1	4.40163580798502652e-1	8.44334055459097677e-1
gene328	1.46451749465471767e3	-7.75699821351447105e-2	8.41536979814469510e-2	-9.21765578884557901e-1	3.56650873529038015e-1	8.36447516745504882e-1
gene329	6.56421832151026592e2	-4.73282435404739840e-2	1.12841804123705119e-1	-4.19421187989775845e-1	6.74908318969123178e-1	9.28185070597554063e-1
gene330	4.97464524748278279e2	-1.67544239186743593e0	1.02063603155018320e-1	-1.64156696420241666e1	1.47741793682789086e-60	3.69354484206972701e-59
gene331	2.61024417123441208e3	-2.46590597072062281e-2	1.13963023119351789e-1	-2.16377725267792864e-1	8.28693360312871552e-1	9.77617272669236814e-1
gene332	5.00036584849459587e0	2.47964230354462384e-1	8.67555597524485189e-1	2.85819411530526202e-1	7.75016468902847144e-1	9.39796242969875850e-1
gene333	1.58019478061783420e1	3.24035817423020844e-1	4.48758580893472536e-1	7.22071579729728463e-1	4.70250443408413044e-1	8.70834154460024212e-1
gene334	6.06100590203309650e1	4.46112514008525016e-2	1.98835452073042179e-1	2.24362662371017041e-1	8.22475155394337243e-1	9.77617272669236814e-1
gene335	1.37926056623855061e3	2.25667626782753006e0	1.21270649789538401e-1	1.86085938497396093e1	2.73706862361155136e-77	7.29884966296413797e-76
gene336	1.22160320231229946e2	1.70362575211261719e-1	1.58158663779361164e-1	1.07716245914245712e0	2.81407710991641302e-1	7.68035232782577570e-1
gene337	1.89986964403353994e2	1.17072394909024555e-4	1.41695000225998957e-1	8.26228128884560825e-4	9.99340791286728369e-1	9.99340791286728369e-1
gene338	4.09923044101612746e1	6.85774648078201987e-1	2.89060885500914022e-1	2.37242284403101511e0	1.76718522656044846e-2	1.08749860096027592e-1
gene339	1.23603715145469118e3	-3.92441551095587191e-2	9.63024103382987273e-2	-4.07509583318826085e-1	6.83633738428523041e-1	9.28185070597554063e-1
gene340	2.36577208717310441e1	9.64001087720527672e-2	3.31029416674833210e-1	2.91213118581378494e-1	7.70888357543710656e-1	9.39796242969875850e-1
gene341	7.84342798994776729e1	-6.39255986951944993e-2	2.04155310275021762e-1	-3.13122390052352872e-1	7.54187699178310855e-1	9.39796242969875850e-1
gene342	7.63329440661223924e0	-2.27229715210518685e-1	7.66999392783605294e-1	-2.96258011868631765e-1	7.67033075024065703e-1	9.39796242969875850e-1
gene343	1.06104007112910585e3	6.69790278643359882e-2	8.68210812786766595e-2	7.71460420417340531e-1	4.40434056914639382e-1	8.44334055459097677e-1
gene344	4.84071945786837432e1	2.68852135689550575e-1	3.17021148827221044e-1	8.48057414100398255e-1	3.96405994212472634e-1	8.44334055459097677e-1
gene345	5.17740280944715270e0	-1.14868110584249816e0	6.61271291936071370e-1	-1.73707995470268672e0	8.23730547547509712e-2	4.02164453061169158e-1
gene346	2.93068405963704537e0	-8.48120254227591408e-1	8.94654440029362563e-1	-9.47986413837901498e-1	3.43136381588709627e-1	8.21883548715472201e-1
gene347	3.30721753736967321e3	7.03431057547806993e-3	1.07853920901086170e-1	6.52207218495960139e-2	9.47998181305824583e-1	9.89084233657417933e-1
gene348	1.80542228635788206e2	2.38494234796532778e0	2.11445489332430625e-1	1.12792301954276546e1	1.66193896381131059e-29	2.21591861841508057e-28
gene349	1.20272895340865125e3	-7.33681971841320946e-2	8.97557059019450931e-2	-8.17420981171762318e-1	4.13687881545353464e-1	8.44334055459097677e-1
gene350	2.51575080277894767e3	-1.75439938738496337e-1	8.52230024999191121e-2	-2.05859842521580783e0	3.95327200664306461e-2	2.22719549670031797e-1
gene351	8.74744176071110502e1	1.11041393107748923e-1	1.96814572377643798e-1	5.64192944487286074e-1	5.72622781123836355e-1	9.28116350725669781e-1
gene352	4.75132150193003781e2	1.68391242785159378e0	1.29373644164961027e-1	1.30158846395675454e1	9.93846252634189854e-39	1.52899423482183063e-37
gene353	4.74082737242504759e0	-3.69120047768823761e-2	7.73710815520017636e-1	-4.77077533833794171e-2	9.61949073410905520e-1	9.89150718160314191e-1
gene354	1.13547637902259506e1	-1.13438841555427064e-1	4.80716056762143740e-1	-2.35978890157097693e-1	8.13449086225691564e-1	9.71282491015751037e-1
gene355	7.61485399457169478e2	8.67575456691985630e-2	1.08140976618796625e-1	8.02263382316437568e-1	4.22400608502929653e-1	8.44334055459097677e-1
gene356	7.60741266356681791e1	-1.48569897223971559e0	1.93088356082751461e-1	-7.69439961259493455e0	1.42160095132739736e-14	1.49642205402883944e-13
gene357	4.93519742858726261e2	-1.25449283834271008e-1	1.13759089947467876e-1	-1.10276272333227587e0	2.70130237761437242e-1	7.50361771559547974e-1
gene358	1.16225632879093828e4	2.68948390955258088e0	9.15815932941254490e-2	2.93670792657534996e1	1.44641538271657566e-189	1.92855384362210083e-187
gene359	1.41449241907748501e2	1.30285690675713189e-1	1.72367508604210268e-1	7.55859916585989389e-1	4.49733168477231604e-1	8.52574726971055186e-1
gene360	1.09620184965354966e2	2.25480528266420843e-1	1.96147221692658857e-1	1.14954739771804704e0	2.50330351384897898e-1	7.28657944167909633e-1
gene361	2.13994662659754653e2	-4.52201976925387036e-2	1.61152674015329095e-1	-2.80604699666586299e-1	7.79013641445249427e-1	9.39796242969875850e-1
gene362	4.05475467819931737e2	4.48248899960169075e-2	1.03663451830778339e-1	4.32407846780846872e-1	6.65444988690286565e-1	9.28185070597554063e-1
gene363	2.88820289885073116e1	3.43253504065563417e-2	3.16586787124451097e-1	1.08423193268211010e-1	9.13659957496482988e-1	9.79796201068614536e-1
gene364	5.84821285552061545e3	1.17228047720057305e0	8.71627008074989523e-2	1.34493363140454356e1	3.10647974187449311e-41	5.64814498522635125e-40
gene365	9.46871438568955114e2	1.90650221846661294e0	9.84873967395296229e-2	1.93578293424564158e1	1.75110136381498235e-83	5.00314675375709289e-82
gene366	2.59593283963476381e2	5.70180033096386041e-2	1.45361905840683148e-1	3.92248594842519560e-1	6.94874529062024737e-1	9.28308551509596347e-1
gene367	3.08317483800230718e2	9.96131972935041521e-2	1.14002021174243309e-1	8.73784484410614404e-1	3.82235633138207520e-1	8.44334055459097677e-1
gene368	2.78689677408624493e3	-3.38755893214907622e-2	8.07737160693228484e-2	-4.19388768648671972e-1	6.74932008046182808e-1	9.28185070597554063e-1
gene369	6.10433065809901407e1	1.86566199817843559e-1	2.35045274661073472e-1	7.93745801045628641e-1	4.27343418346045612e-1	8.44334055459097677e-1
gene370	3.09077021645798986e1	1.69425009958796946e-1	4.08568322795201000e-1	4.14679750010190917e-1	6.78376337077132407e-1	9.28185070597554063e-1
gene371	7.84431971961406660e0	4.44296220115251994e-3	6.23760107241309147e-1	7.12287007388516177e-3	9.94316817732265212e-1	9.99340791286728369e-1
gene372	3.91953200065773544e1	1.18103612095364810e-1	2.81595871060356051e-1	4.19408181130791480e-1	6.74917823148417750e-1	9.28185070597554063e-1
gene373	8.19930309547806132e2	-8.94103214844847310e-2	1.08294566246739596e-1	-8.25621493148337771e-1	4.09018832448786118e-1	8.44334055459097677e-1
gene374	1.22239102749739406e1	-1.25157782652005473e-1	6.26579058272532907e-1	-1.99747790800834019e-1	8.41677862682184141e-1	9.77617272669236814e-1
gene375	5.88420654878053597e2	-5.86833567630303671e-2	9.48700213614563220e-2	-6.18565864336066973e-1	5.36202351101774721e-1	9.16585215558589295e-1
gene376	9.38691772234775090e3	2.16735800335415796e0	7.66697806818917721e-2	2.82687387922325790e1	8.37611682283852633e-176	8.37611682283852639e-174
gene377	1.88657448458851071e1	5.88814333245455623e-1	4.54416801752369481e-1	1.29575827956802736e0	1.95058787047300758e-1	6.55659788394288290e-1
gene378	8.51234904370605250e0	-1.28077216828777152e0	5.80341153571499957e-1	-2.20692976950836917e0	2.73189637714459400e-2	1.58370804472150378e-1
gene379	2.18358295044286450e1	2.26545682374229207e0	4.71496240405753719e-1	4.80482478883122521e0	1.54887082772126704e-6	1.26438434916021797e-5
gene380	1.36688880576438896e3	1.43140384366649387e-1	7.89359424489713690e-2	1.81337398307727016e0	6.97741547806110946e-2	3.61858140256901994e-1
gene381	2.24987157682125741e2	-1.90355694459611285e-1	1.42029662935044404e-1	-1.34025308886826156e0	1.80163086091720298e-1	6.27721118973123882e-1
gene382	1.08866519304255846e2	-2.38147051553528888e-1	1.78896807522217260e-1	-1.33119788358410673e0	1.83123917058672619e-1	6.27721118973123882e-1
gene383	4.40629260183119129e1	-8.83319891357099568e-2	2.92764687732317064e-1	-3.01716678401031613e-1	7.62868077151551693e-1	9.39796242969875850e-1
gene384	3.21670693834188413e1	-6.14321813257474481e-1	3.16959929519858685e-1	-1.93816869592339103e0	5.26026400895291471e-2	2.84338595078535927e-1
gene385	2.72182357991546894e2	1.18366300066605104e-1	1.35687080968842216e-1	8.72347604660944298e-1	3.83018776200320987e-1	8.44334055459097677e-1
gene386	1.27585027701648028e3	-2.02321746506000343e-2	1.10442823540898988e-1	-1.83191392631388977e-1	8.54647867265228678e-1	9.77617272669236814e-1
gene387	8.02342308767826928e0	2.80805792387064601e-1	6.86669902908250585e-1	4.08938547033689426e-1	6.82584740710916349e-1	9.28185070597554063e-1
gene388	3.25211597660666803e3	-7.51647299159238641e-2	9.11498236720326149e-2	-8.24628363367712836e-1	4.09582606803926441e-1	8.44334055459097677e-1
gene389	1.44371094372170763e1	6.90796808500323656e-1	4.64002166174910968e-1	1.48877927487933293e0	1.36545503397618284e-1	5.35691148430651021e-1
gene390	6.69667224324662058e0	-4.94026418923472765e-1	7.12668922274605765e-1	-6.93206064530921706e-1	4.88180210272511184e-1	8.87518179371006077e-1
gene391	1.61998695749420312e3	-1.95364942599737697e-2	1.00349320250626886e-1	-1.94684868927666926e-1	8.45639683427572342e-1	9.77617272669236814e-1
gene392	1.52554932982481887e2	-1.41412860385297184e-1	1.43078429128657481e-1	-9.88359050672393158e-1	3.22976849057437898e-1	8.07442122643594828e-1
gene393	4.29102672921757573e2	1.29153262635195609e-1	1.24028131610412595e-1	1.04132232710625416e0	2.97725994642405623e-1	7.83169989039814052e-1
gene394	2.30453808151421136e1	-1.17162355430147705e-1	3.44393445003780774e-1	-3.40199144698765943e-1	7.33706571586394074e-1	9.39796242969875850e-1
gene395	6.23508173760027034e2	2.04388021692780780e-1	1.33318095637567219e-1	1.53308536785899774e0	1.25254822567174989e-1	5.27388726598631563e-1
gene396	1.19774382184489752e2	4.57058170951860840e-2	1.63398611845976066e-1	2.79719739224404296e-1	7.79692563583010645e-1	9.39796242969875850e-1
gene397	3.76260481821746362e3	6.79993624658489643e-2	1.00339477387798748e-1	6.77693010130404172e-1	4.97966323795708599e-1	8.91768367667495565e-1
gene398	2.37594597790523994e3	5.66013780696313015e-2	1.04092678424527449e-1	5.43759454808055653e-1	5.86606965418508430e-1	9.28116350725669781e-1
gene399	1.98047023870471293e2	-4.21541860436669621e-2	1.45718300241846593e-1	-2.89285463621962780e-1	7.72362963462290608e-1	9.39796242969875850e-1
gene400	7.75006783991633963e0	-2.58101866931230231e-2	6.76133282238068012e-1	-3.81732231960076746e-2	9.69549495187083776e-1	9.91368349411208882e-1
